png,svg,pngPath,vectorPath,compositionPath,preset,review
alien_galaxy_cat.png,alien_galaxy_cat.svg,/Users/roor.osorio/Desktop/No one/assets/cats-source/png/alien_galaxy_cat.png,/Users/roor.osorio/Desktop/MAI SVG/assets/vector/alien_galaxy_cat.svg,/Users/roor.osorio/Desktop/MAI SVG/assets/animated/alien_galaxy_cat.svg,high-color-preserved,pending
arce_autumn_cat.png,arce_autumn_cat.svg,/Users/roor.osorio/Desktop/No one/assets/cats-source/png/arce_autumn_cat.png,/Users/roor.osorio/Desktop/MAI SVG/assets/vector/arce_autumn_cat.svg,/Users/roor.osorio/Desktop/MAI SVG/assets/animated/arce_autumn_cat.svg,high-color-preserved,pending
bytewhisker_cat.png,bytewhisker_cat.svg,/Users/roor.osorio/Desktop/No one/assets/cats-source/png/bytewhisker_cat.png,/Users/roor.osorio/Desktop/MAI SVG/assets/vector/bytewhisker_cat.svg,/Users/roor.osorio/Desktop/MAI SVG/assets/animated/bytewhisker_cat.svg,high-color-preserved,pending
candy_alchemist_cat.png,candy_alchemist_cat.svg,/Users/roor.osorio/Desktop/No one/assets/cats-source/png/candy_alchemist_cat.png,/Users/roor.osorio/Desktop/MAI SVG/assets/vector/candy_alchemist_cat.svg,/Users/roor.osorio/Desktop/MAI SVG/assets/animated/candy_alchemist_cat.svg,high-color-preserved,user-selected-high-color-preserved
canelo_cozy_cat.png,canelo_cozy_cat.svg,/Users/roor.osorio/Desktop/No one/assets/cats-source/png/canelo_cozy_cat.png,/Users/roor.osorio/Desktop/MAI SVG/assets/vector/canelo_cozy_cat.svg,/Users/roor.osorio/Desktop/MAI SVG/assets/animated/canelo_cozy_cat.svg,high-color-preserved,pending
cyber_bloom_cat.png,cyber_bloom_cat.svg,/Users/roor.osorio/Desktop/No one/assets/cats-source/png/cyber_bloom_cat.png,/Users/roor.osorio/Desktop/MAI SVG/assets/vector/cyber_bloom_cat.svg,/Users/roor.osorio/Desktop/MAI SVG/assets/animated/cyber_bloom_cat.svg,high-color-preserved,pending
deepsea_sprite_cat.png,deepsea_sprite_cat.svg,/Users/roor.osorio/Desktop/No one/assets/cats-source/png/deepsea_sprite_cat.png,/Users/roor.osorio/Desktop/MAI SVG/assets/vector/deepsea_sprite_cat.svg,/Users/roor.osorio/Desktop/MAI SVG/assets/animated/deepsea_sprite_cat.svg,high-color-preserved,pending
fossilstone_guardian_cat.png,fossilstone_guardian_cat.svg,/Users/roor.osorio/Desktop/No one/assets/cats-source/png/fossilstone_guardian_cat.png,/Users/roor.osorio/Desktop/MAI SVG/assets/vector/fossilstone_guardian_cat.svg,/Users/roor.osorio/Desktop/MAI SVG/assets/animated/fossilstone_guardian_cat.svg,high-color-preserved,pending
iridescent_origami_cat.png,iridescent_origami_cat.svg,/Users/roor.osorio/Desktop/No one/assets/cats-source/png/iridescent_origami_cat.png,/Users/roor.osorio/Desktop/MAI SVG/assets/vector/iridescent_origami_cat.svg,/Users/roor.osorio/Desktop/MAI SVG/assets/animated/iridescent_origami_cat.svg,high-color-preserved,pending
jelly_aquatic_cat.png,jelly_aquatic_cat.svg,/Users/roor.osorio/Desktop/No one/assets/cats-source/png/jelly_aquatic_cat.png,/Users/roor.osorio/Desktop/MAI SVG/assets/vector/jelly_aquatic_cat.svg,/Users/roor.osorio/Desktop/MAI SVG/assets/animated/jelly_aquatic_cat.svg,high-color-preserved,pending
kintsugi_tea_spirit_cat.png,kintsugi_tea_spirit_cat.svg,/Users/roor.osorio/Desktop/No one/assets/cats-source/png/kintsugi_tea_spirit_cat.png,/Users/roor.osorio/Desktop/MAI SVG/assets/vector/kintsugi_tea_spirit_cat.svg,/Users/roor.osorio/Desktop/MAI SVG/assets/animated/kintsugi_tea_spirit_cat.svg,high-color-preserved,pending
lantern_spirit_cat.png,lantern_spirit_cat.svg,/Users/roor.osorio/Desktop/No one/assets/cats-source/png/lantern_spirit_cat.png,/Users/roor.osorio/Desktop/MAI SVG/assets/vector/lantern_spirit_cat.svg,/Users/roor.osorio/Desktop/MAI SVG/assets/animated/lantern_spirit_cat.svg,high-color-preserved,pending
lumen_lens_cat.png,lumen_lens_cat.svg,/Users/roor.osorio/Desktop/No one/assets/cats-source/png/lumen_lens_cat.png,/Users/roor.osorio/Desktop/MAI SVG/assets/vector/lumen_lens_cat.svg,/Users/roor.osorio/Desktop/MAI SVG/assets/animated/lumen_lens_cat.svg,high-color-preserved,pending
margarita_daisy_cat.png,margarita_daisy_cat.svg,/Users/roor.osorio/Desktop/No one/assets/cats-source/png/margarita_daisy_cat.png,/Users/roor.osorio/Desktop/MAI SVG/assets/vector/margarita_daisy_cat.svg,/Users/roor.osorio/Desktop/MAI SVG/assets/animated/margarita_daisy_cat.svg,high-color-preserved,pending
masquerade_phantom_cat.png,masquerade_phantom_cat.svg,/Users/roor.osorio/Desktop/No one/assets/cats-source/png/masquerade_phantom_cat.png,/Users/roor.osorio/Desktop/MAI SVG/assets/vector/masquerade_phantom_cat.svg,/Users/roor.osorio/Desktop/MAI SVG/assets/animated/masquerade_phantom_cat.svg,high-color-preserved,pending
mecha_neon_cat.png,mecha_neon_cat.svg,/Users/roor.osorio/Desktop/No one/assets/cats-source/png/mecha_neon_cat.png,/Users/roor.osorio/Desktop/MAI SVG/assets/vector/mecha_neon_cat.svg,/Users/roor.osorio/Desktop/MAI SVG/assets/animated/mecha_neon_cat.svg,high-color-preserved,pending
menta_botanical_cat.png,menta_botanical_cat.svg,/Users/roor.osorio/Desktop/No one/assets/cats-source/png/menta_botanical_cat.png,/Users/roor.osorio/Desktop/MAI SVG/assets/vector/menta_botanical_cat.svg,/Users/roor.osorio/Desktop/MAI SVG/assets/animated/menta_botanical_cat.svg,high-color-preserved,pending
mochi_bell_cat.png,mochi_bell_cat.svg,/Users/roor.osorio/Desktop/No one/assets/cats-source/png/mochi_bell_cat.png,/Users/roor.osorio/Desktop/MAI SVG/assets/vector/mochi_bell_cat.svg,/Users/roor.osorio/Desktop/MAI SVG/assets/animated/mochi_bell_cat.svg,high-color-preserved,pending
molten_ember_cat.png,molten_ember_cat.svg,/Users/roor.osorio/Desktop/No one/assets/cats-source/png/molten_ember_cat.png,/Users/roor.osorio/Desktop/MAI SVG/assets/vector/molten_ember_cat.svg,/Users/roor.osorio/Desktop/MAI SVG/assets/animated/molten_ember_cat.svg,high-color-preserved,pending
mushroom_druid_cat.png,mushroom_druid_cat.svg,/Users/roor.osorio/Desktop/No one/assets/cats-source/png/mushroom_druid_cat.png,/Users/roor.osorio/Desktop/MAI SVG/assets/vector/mushroom_druid_cat.svg,/Users/roor.osorio/Desktop/MAI SVG/assets/animated/mushroom_druid_cat.svg,high-color-preserved,pending
neon_glitch_cat.png,neon_glitch_cat.svg,/Users/roor.osorio/Desktop/No one/assets/cats-source/png/neon_glitch_cat.png,/Users/roor.osorio/Desktop/MAI SVG/assets/vector/neon_glitch_cat.svg,/Users/roor.osorio/Desktop/MAI SVG/assets/animated/neon_glitch_cat.svg,high-color-preserved,pending
nori_lunar_cat.png,nori_lunar_cat.svg,/Users/roor.osorio/Desktop/No one/assets/cats-source/png/nori_lunar_cat.png,/Users/roor.osorio/Desktop/MAI SVG/assets/vector/nori_lunar_cat.svg,/Users/roor.osorio/Desktop/MAI SVG/assets/animated/nori_lunar_cat.svg,high-color-preserved,pending
nube_dream_cat.png,nube_dream_cat.svg,/Users/roor.osorio/Desktop/No one/assets/cats-source/png/nube_dream_cat.png,/Users/roor.osorio/Desktop/MAI SVG/assets/vector/nube_dream_cat.svg,/Users/roor.osorio/Desktop/MAI SVG/assets/animated/nube_dream_cat.svg,high-color-preserved,pending
prism_crystal_cat.png,prism_crystal_cat.svg,/Users/roor.osorio/Desktop/No one/assets/cats-source/png/prism_crystal_cat.png,/Users/roor.osorio/Desktop/MAI SVG/assets/vector/prism_crystal_cat.svg,/Users/roor.osorio/Desktop/MAI SVG/assets/animated/prism_crystal_cat.svg,high-color-preserved,pending
regal_cosmic_cat.png,regal_cosmic_cat.svg,/Users/roor.osorio/Desktop/No one/assets/cats-source/png/regal_cosmic_cat.png,/Users/roor.osorio/Desktop/MAI SVG/assets/vector/regal_cosmic_cat.svg,/Users/roor.osorio/Desktop/MAI SVG/assets/animated/regal_cosmic_cat.svg,high-color-preserved,pending
sakura_whisper_cat.png,sakura_whisper_cat.svg,/Users/roor.osorio/Desktop/No one/assets/cats-source/png/sakura_whisper_cat.png,/Users/roor.osorio/Desktop/MAI SVG/assets/vector/sakura_whisper_cat.svg,/Users/roor.osorio/Desktop/MAI SVG/assets/animated/sakura_whisper_cat.svg,high-color-preserved,pending
selene_moonlit_cat.png,selene_moonlit_cat.svg,/Users/roor.osorio/Desktop/No one/assets/cats-source/png/selene_moonlit_cat.png,/Users/roor.osorio/Desktop/MAI SVG/assets/vector/selene_moonlit_cat.svg,/Users/roor.osorio/Desktop/MAI SVG/assets/animated/selene_moonlit_cat.svg,high-color-preserved,pending
sol_sunbeam_cat.png,sol_sunbeam_cat.svg,/Users/roor.osorio/Desktop/No one/assets/cats-source/png/sol_sunbeam_cat.png,/Users/roor.osorio/Desktop/MAI SVG/assets/vector/sol_sunbeam_cat.svg,/Users/roor.osorio/Desktop/MAI SVG/assets/animated/sol_sunbeam_cat.svg,high-color-preserved,pending
sonata_prima_cat.png,sonata_prima_cat.svg,/Users/roor.osorio/Desktop/No one/assets/cats-source/png/sonata_prima_cat.png,/Users/roor.osorio/Desktop/MAI SVG/assets/vector/sonata_prima_cat.svg,/Users/roor.osorio/Desktop/MAI SVG/assets/animated/sonata_prima_cat.svg,high-color-preserved,pending
steampunk_clockwork_cat.png,steampunk_clockwork_cat.svg,/Users/roor.osorio/Desktop/No one/assets/cats-source/png/steampunk_clockwork_cat.png,/Users/roor.osorio/Desktop/MAI SVG/assets/vector/steampunk_clockwork_cat.svg,/Users/roor.osorio/Desktop/MAI SVG/assets/animated/steampunk_clockwork_cat.svg,high-color-preserved,pending
stormcloud_elemental_cat.png,stormcloud_elemental_cat.svg,/Users/roor.osorio/Desktop/No one/assets/cats-source/png/stormcloud_elemental_cat.png,/Users/roor.osorio/Desktop/MAI SVG/assets/vector/stormcloud_elemental_cat.svg,/Users/roor.osorio/Desktop/MAI SVG/assets/animated/stormcloud_elemental_cat.svg,high-color-preserved,pending
storybook_ink_cat.png,storybook_ink_cat.svg,/Users/roor.osorio/Desktop/No one/assets/cats-source/png/storybook_ink_cat.png,/Users/roor.osorio/Desktop/MAI SVG/assets/vector/storybook_ink_cat.svg,/Users/roor.osorio/Desktop/MAI SVG/assets/animated/storybook_ink_cat.svg,high-color-preserved,pending
